Word,Joy,Optimism,Admiration,Acceptance,Fear,Apprehension,Amazement,Surprise,Loathing,Disgust,Rage,Anger,Anticipation,Interest,Sadness,Disapproval,Appreciation,Grief,Love
ordeal,0.031658918,0.042890593,0.028198775,0.08937496,0.32966644,0.06385889,0.07775387,0.031512473,0.004292899,0,0,0,0.027802011,0,0.45214558,0,0,0.62692625,0
outrageous,0.01190211,0.04681357,0,0.01480929,0,0,0.2138839,0.194760135,0,0.057527043,0.7981452,0.48740737,0,0.021435402,0,0.52612355,0,0.014787049,0
outrage,0.01190211,0.04681357,0,0.01480929,0,0,0.2138839,0.194760135,0,0.057527043,0.7981452,0.48740737,0,0.021435402,0,0.52612355,0,0.014787049,0
provoke,0,0,0.10873237,0,0.23202507,0.103545144,0.14161405,0.209622,0.13913976,0.22555819,0.22532687,0.3236271,0.123055995,0.30289492,0.011876849,0.12956305,0,0.015455002,0
provoking,0,0,0.10873237,0,0.243202507,0.303545144,0.14161405,0.209622,0.13913976,0.22555819,0.42532687,0.6236271,0.123055995,0.30289492,0.011876849,0.12956305,0,0.015455002,0
repulsive,0,0,0.010128727,0.03799479,0.010781146,0.045048844,0.031340457,0.023268234,0.14205037,0.1927313,0,0,0,0.055765975,0,0.15611836,0.003702073,0,0
severe,0,0.02862549,0,0,0.10297449,0,0,0.016750494,0,0,0.011328762,0.008249035,0,0.001767291,0,0.03809938,0,0,0
shameful,0,0,0,0,0.042404756,0,0.008818302,0.010637414,0.01260756,0.12769048,0,0,0,0.031353336,0.06291291,0.18749197,0,0.04136067,0.009259774
shocking,0,0.016677557,0,0.030686101,0.026189556,0,0.18805379,0.26015124,0,0.12857695,0,0,0,0.059771147,0.035297118,0.13051516,0,0,0.031737544
terrible,0.07287147,0.012266142,0,0,0.14800893,0.053392917,0.044061985,0.07500322,0,0.010771592,0.20579247,0.1017002,0,0.026440002,0.15925787,0.025812954,0.008029659,0.22419778,0.049530398
terribly,0.07287147,0.012266142,0,0,0.14800893,0.053392917,0.044061985,0.07500322,0,0.010771592,0.20579247,0.1017002,0,0.026440002,0.25925787,0.025812954,0.008029659,0.42419778,0.049530398
tragic,0.06647998,0.04842188,0.033953227,0.021996066,0.035498977,0,0.03310373,0.024829239,0,0.022671517,0.046048183,0.06471979,0,0.03531418,0.24446726,0.0707789,0.038229216,0.23909892,0.1147799
tragically,0.06647998,0.04842188,0.033953227,0.021996066,0.035498977,0,0.03310373,0.024829239,0,0.022671517,0.046048183,0.06471979,0,0.03531418,0.24446726,0.0707789,0.038229216,0.23909892,0.1147799
reliable,0.052677814,0.016099777,0,0.021069987,0.050207168,0.041265767,0,0.043547295,0.049870852,0.044420574,0.079540566,0.019132752,0.002812024,0.03703528,0,0,0.250036,0,0
reliably,0.052677814,0.016099777,0,0.021069987,0.050207168,0.041265767,0,0.043547295,0.049870852,0.044420574,0.079540566,0.019132752,0.002812024,0.03703528,0,0,0.250036,0,0
unreliable,0.07600866,0.05398841,0.009999953,0.022309296,0.013903162,0.018434884,0,0,0,0,0,0,0.023601623,0,0,0.105612,0,0,0.08332154
unreliably,0.07600866,0.05398841,0.009999953,0.022309296,0.013903162,0.018434884,0,0,0,0,0,0,0.023601623,0,0,0.105612,0,0,0.08332154
aggravate,0,0.007492526,0.056613795,0,0.04129636,0.041830767,0,0,0,0,0.173354825,0.29012524,0.019154355,0,0,0,0,0,0.044407602
aggravating,0,0.007492526,0.056613795,0,0.04129636,0.041830767,0,0,0,0,0.173354825,0.29012524,0.019154355,0,0,0,0,0,0.044407602
agony,0.46689683,0.079289764,0.2942131,0,0.21092547,0.31608224,0.466811,0.0854218,0.4544941,0.42384332,0.30395073,0.25231627,0.18952632,0,0.6329527,0.17976588,0.033831414,0.6516193,0.17249714
atrocious,0.026302315,0.05162908,0.024008377,0.036933023,0,0.0188548,0.031533822,0,0.10852524,0,0.016692683,0,0,0.031211708,0.015213291,0.031235667,0.017208144,0,0
corrupt,0,0,0.00344158,0,0.006839298,0,0,0,0,0,0,0,0,0,0,0,0,0,0.016647682
damage,0.014221655,0.03778972,0.06646785,0.003493442,0.07809523,0.019212496,0,0,0.017970908,0,0.10261711,0.17154427,0,0.04204136,0.26716536,0.009555419,0.030531988,0.33128407,0.03247407
damaging,0.014221655,0.03778972,0.06646785,0.003493442,0.07809523,0.019212496,0,0,0.017970908,0,0.010261711,0.017154427,0,0.04204136,0,0.009555419,0.030531988,0.033128407,0.03247407
deplorable,0,0.037821572,0,0.01670823,0,0,0.007333287,0,0.09213401,0.004143535,0.03731789,0,0,0,0.011221231,0,0,0.001195972,0
deplorably,0,0.037821572,0,0.01670823,0,0,0.007333287,0,0.09213401,0.004143535,0.03731789,0,0,0,0.011221231,0,0,0.001195972,0
disadvantage,0,0.004036706,0,0,0.13707903,0.14678665,0.044457357,0.12720725,0.045324128,0.028685536,0,0,0,0.06586001,0.14342067,0,0,0.08938641,0
disastrous,0.06721417,0.041373517,0.03922046,0,0.058642447,0,0.015421821,0.12108137,0.03176066,0.01007314,0.047412004,0.031949162,0,0.041716516,0.022901008,0.02202894,0.01892315,0.036904413,0.036215466
disgusted,0,0,0,0,0,0,0,0,0.31646335,1,0.160269,0.24859838,0,0,0,0,0,0,0
dreadful,0.07510181,0,0.004474377,0,0.14770144,0.23289303,0.11018839,0.015174903,0.07232864,0.065933,0.11282459,0,0.018643389,0.044398222,0.16988768,0.02675449,0,0.17154801,0
harmful,0.053199448,0,0.032792643,0.022523345,0.046122983,0.009369302,0.04892443,0,0.0247355,0.015925398,0,0,0,0,0,0,0,0,0
harsh,0,0,0,0,0.012864699,0.043267455,0,0,0,0,0,0.090109795,0,0,0,0.095732726,0,0,0
enraged,0,0,0,0,0,0,0,0,0,0,0.3250015,0.6337934,0,0,0,0.19029684,0,0,0
offensive,0,0,0,0,0.026181428,0.04071038,0,0.065501004,0,0.022574935,0.09941889,0.013698293,0,0,0,0.061199613,0,0,0
aggressive,0,0,0,0,0.035861295,0.06301713,0,0,0,0,0.027435288,0.09228472,0,0,0,0.027840942,0,0,0
frustrated,0,0,0,0,0.109216176,0.12388414,0,0,0.11030369,0.22130288,0.21831605,0.39617407,0,0,0.1682844,0.12549242,0,0,0
resentful,0,0,0,0,0.16920628,0.065779686,0,0,0.14488256,0.02852596,0.0737104,0.1857104,0,0,0,0.17539753,0,0,0
malicious,0,0,0,0,0,0.023592874,0,0,0.067075305,0,0.004399512,0,0,0,0.025272736,0.019919865,0,0.02852733,0
infuriated,0,0,0,0,0.08609499,0,0,0,0,0.084076434,0.5328544,0.6337934,0,0,0,0.23575468,0,0,0
violent,0,0,0,0,0.09769923,0.066612855,0,0,0,0,0.28267246,0.26993114,0,0,0,0,0,0.04329363,0
furious,0,0,0,0,0.08635544,0,0,0,0.11070825,0.16782655,0.8834104,0.34919888,0,0,0,0.13370858,0,0,0
agitated,0,0,0,0,0.12711732,0.022640653,0,0,0,0,0.1748458,0.16876274,0,0,0,0.052504763,0,0,0
antagonistic,0,0,0,0,0.036796615,0.04231519,0,0,0.1411199,0,0,0.07510067,0,0,0,0.16082771,0,0,0
antagonistically,0,0,0,0,0.036796615,0.04231519,0,0,0.1911199,0,0,0.07510067,0,0,0,0.26082771,0,0,0
repulsed,0,0,0,0,0.025751252,0.13979526,0,0,0.0897872,0.02136246,0.06444775,0.08203371,0,0,0,0,0,0,0
venomous,0,0,0,0,0.024978232,0,0,0,0.197586,0.075049475,0.22376615,0.1652623,0,0,0,0.06066861,0,0.036381725,0
exasperated,0,0,0,0,0.08567115,0,0,0,0,0.19694947,0.18206371,0.44081566,0,0,0,0.1283484,0,0,0
contrary,0,0,0,0,0,0.028866315,0,0,0,0,0,0,0,0,0,0,0,0,0
condemning,0,0,0,0,0.1505731,0,0,0,0.12545513,0,0.054144863,0.11319909,0,0,0,0,0,0,0
seething,0,0,0,0,0,0,0,0,0.2400095,0.26254842,0.39918223,0.40889356,0,0,0.1257402,0.1177801,0,0.1743102,0
scornful,0,0,0,0,0.058776334,0,0,0,0.23236626,0.27569523,0.06711581,0.103977755,0,0,0,0.2648307,0,0,0
sarcastic,0,0,0,0,0,0,0,0,0.026105164,0.200015625,0.1631935,0.046516936,0,0,0.09044695,0.2464125,0,0,0
sarcastically,0,0,0,0,0,0,0,0,0.026105164,0.200015625,0.1631935,0.046516936,0,0,0.09044695,0.2464125,0,0,0
jealous,0,0,0,0,0.13968334,0,0,0,0.17074499,0,0.27353448,0.18889676,0,0,0,0.04984066,0,0.09784718,0
reprimand,0,0,0,0,0.053104293,0.02957091,0,0,0.04555844,0.045594197,0.011402206,0.07617715,0,0,0.022127457,0.67406213,0,0,0
powerless,0,0,0,0,0.09828244,0.013910885,0,0,0.062127132,0.07437807,0.09440368,0.04390211,0,0,0.05591946,0.023822147,0,0.08844536,0
despicable,0,0,0,0,0,0.10188282,0,0,0.11589251,0.116445534,0,0,0,0,0,0.39924487,0,0,0
despicably ,0,0,0,0,0,0.10188282,0,0,0.11589251,0.116445534,0,0,0,0,0,0.39924487,0,0,0
desperate,0,0,0,0,0.061489977,0,0,0,0,0,0.15971844,0.05603722,0,0,0.07195853,0.032535747,0,0.105119415,0
pessimistic,0,0,0,0,0.12071912,0.21880794,0,0,0.13710237,0.12657477,0.06954687,0.08787415,0,0,0.14631146,0.09308122,0,0.06890711,0
pessimistically,0,0,0,0,0.22071912,0.31880794,0,0,0.13710237,0.12657477,0.06954687,0.08787415,0,0,0.34631146,0.09308122,0,0.06890711,0
vilified,0,0,0,0,0.06665971,0.07126183,0,0,0.20437394,0.077469625,0.10651031,0.08055869,0,0,0,0.19007185,0,0.026098046,0
doubtful,0,0,0,0,0.1152589,0.11349858,0,0,0,0,0,0,0,0,0,0.12712725,0,0,0
uncertain,0,0,0,0,0.15749383,0.16298622,0,0,0.03690618,0,0,0,0,0,0,0,0,0,0
indecisive,0,0,0,0,0.07994372,0,0,0,0,0,0,0,0,0,0,0,0,0,0
perplex ,0,0,0,0,0.096163675,0.20544963,0,0,0.032271363,0.056537375,0,0,0,0,0,0.224882434,0,0,0
perplexed,0,0,0,0,0.096163675,0.20544963,0,0,0.032271363,0.056537375,0,0,0,0,0,0.224882434,0,0,0
perplexing,0,0,0,0,0.096163675,0.20544963,0,0,0.032271363,0.056537375,0,0,0,0,0,0.224882434,0,0,0
embarrassed,0,0,0,0,0.11707153,0.122512445,0,0,0.12164554,0.16768147,0.04007901,0.23831367,0,0,0.15615715,0.1130902,0,0.11962685,0
hesitant,0,0,0,0,0.14098664,0.10811722,0,0,0,0,0,0,0,0,0,0.072662674,0,0,0
disillusioned,0,0,0,0,0.09381407,0,0,0,0.023052039,0.14241013,0.009893435,0.1905118,0,0,0,0.12305228,0,0,0
distrustful,0,0,0,0,0.15868492,0.12168061,0,0,0.21717088,0.033596773,0,0.084244885,0,0,0,0.2087869,0,0,0
misgiving,0,0,0,0,0.29201224,0.9507282,0,0,0.42054993,0.372598,0.1390628,0.27343026,0,0,0.35689482,0.47607392,0,0.20234291,0
unsure,0,0,0,0,0.19325747,0.14812769,0,0,0.05099833,0,0.077732846,0.003407543,0,0,0,0.06611794,0,0,0
tense,0,0,0,0,0.0707552,0.1549696,0,0,0,0,0.04885865,0.098213464,0,0,0,0,0,0,0
stressed,0,0,0,0,0.042473663,0.037710242,0,0,0,0,0.08318388,0.03698343,0,0,0.07692992,0,0,0.12455968,0
uncomfortable,0,0,0,0,0.15741277,0.0993817,0,0,0,0,0,0.09092537,0,0,0,0.10450442,0,0,0
disdainful,0,0,0,0,0.04453397,0,0,0,0.23579358,0.19486059,0,0.059236605,0,0,0,0.18058553,0,0,0
disoriented,0,0,0,0,0.10566488,0.08030912,0,0,0.039925802,0,0.053007763,0,0,0,0,0,0,0,0
frenzy,0,0,0,0,0.034606658,0.0955703,0,0,0.35536713,0.33040909,0.6259511,0.31495263,0,0,0.083997115,0,0,0,0
frenzied,0,0,0,0,0.034606658,0.0955703,0,0,0.25536713,0.23040909,0.5259511,0.21495263,0,0,0.083997115,0,0,0.13940676,0
capable,0.02139955,0.051975545,0.354619003,0,0,0,0.00462564,0,0,0,0.003138796,0.01754451,0.11518537,0.156159,0.044467706,0.10123293,0.004149557,0,0
capably,0.02139955,0.051975545,0.354619003,0,0,0,0.00462564,0,0,0,0.003138796,0.01754451,0.11518537,0.156159,0.044467706,0.10123293,0.004149557,0,0
incapable,0,0,0,0,0,0.07792903,0,0,0.09595081,0.078871414,0.076009825,0,0,0,0.05038763,0.5569065,0,0.056283873,0
paralyzed,0,0,0,0,0.15548794,0,0,0,0.19518435,0.1604348,0.08717601,0.05626601,0,0,0.07392545,0.075135134,0,0.04464645,0
inferior,0,0,0,0,0.023544582,0.10006608,0,0,0.11051226,0.07446054,0,0,0,0,0.003412,0.033168994,0,0,0
vulnerable,0,0,0,0,0.18164663,0.078538746,0,0,0.05665502,0.064283766,0.060253706,0.060183737,0,0,0.0845521,0.027729044,0,0.04252486,0
vulnerably,0,0,0,0,0.18164663,0.078538746,0,0,0.05665502,0.064283766,0.060253706,0.060183737,0,0,0.0845521,0.027729044,0,0.04252486,0
distressed,0,0,0,0,0.120381184,0.25680685,0,0,0.122480005,0.21709643,0.11470346,0.19596379,0,0,0.36980975,0.08829827,0,0.3945244,0
pathetic,0,0,0,0,0,0,0,0,0.10440691,0.23674017,0.17579396,0.041988414,0,0,0.20111218,0.38169153,0,0.18066692,0
doomed,0,0,0,0,0.21504539,0.259714,0,0,0.16334689,0.14021993,0,0.027349561,0,0,0.2121073,0.17662314,0,0.07678939,0
overwhelmed,0,0,0,0,0.09950046,0.025401343,0,0,0.022459399,0,0.12759379,0.06947145,0,0,0.14042498,0,0,0.2370789,0
incapacitated,0,0,0,0,0,0.13423006,0,0,0.048973177,0.030233748,0.03613931,0,0,0,0.04294667,0.05014919,0,0.059188,0
jittery,0,0,0,0,0.15848066,0.2847799,0,0,0.10938768,0.025407564,0,0.07132121,0,0,0,0.010651778,0,0,0
uninterested,0,0,0,0,0.037651293,0.02191988,0,0,0.036517374,0.09309319,0,0,0,0.20868337,0,0.12614161,0,0,0
terror,0.17138726,0.05768072,0.033827323,0,0.8191474,0.25400212,0.2681381,0.19056721,0.15177536,0.17463273,0.2929557,0.21707225,0.14116004,0,0.21078636,0.004422061,0.001209636,0.27385518,0
terrified,0.17138726,0.05768072,0.033827323,0,0.8191474,0.25400212,0.2681381,0.19056721,0.15177536,0.17463273,0.2929557,0.21707225,0.14116004,0,0.21078636,0.004422061,0.001209636,0.27385518,0
suspicious,0,0,0,0,0.12761785,0.20095487,0,0,0.07808272,0,0,0.1,0,0,0,0.1247743,0,0,0
anxious,0,0,0,0,0.21339683,0.20220105,0,0,0,0,0,0.08330509,0,0,0,0,0,0,0
alarmed,0,0,0,0,0.6119221,0.29177737,0,0,0.20480065,0.220723,0.10050656,0.13270728,0,0,0.09341995,0.22190654,0,0.08807462,0
panicked,0,0,0,0,0.8164253,0.32783443,0,0,0.26883382,0.26020068,0.33853188,0.29486954,0,0,0.2433302,0,0,0.27855593,0
threatened,0,0,0,0,0.48505813,0,0,0,0,0,0.05060816,0.037240542,0,0,0,0.017126346,0,0,0
cowardly,0,0,0,0,0.22603077,0.114231475,0,0,0,0.058168504,0.10557303,0,0,0,0,0.11733556,0,0,0
helplessness,0,0,0,0,0.30440333,0.42021915,0,0,0.4496484,0.44745308,0.3314784,0.34706765,0,0,0.89770466,0,0,0.4215543,0
certain,0.014917831,0.10366085,0.09097889,0.08320983,0,0,0.0489788,0.0930717,0,0,0,0,0.101366945,0.043447815,0,0,0,0,0
confident,0.104808,0.31460723,0.06368319,0.092815906,0,0,0,0,0,0,0,0,0.23650683,0.06699658,0,0,0.03546681,0,0
delighted,0.6832611,0.1211491,0.3989857,0.013005005,0,0,0.49481416,0.42801398,0,0,0,0,0.27773958,0.15395947,0,0,0.211179,0,0.1826095
ecstatic,0.6040085,0.11531283,0.19971947,0,0,0,0.3638526,0.1930377,0,0,0,0,0.2619825,0.0407237,0,0,0.06737162,0,0.050862193
ecstatically,0.4040085,0.11531283,0.19971947,0,0,0,0.3638526,0.1930377,0,0,0,0,0.2619825,0.0407237,0,0,0.06737162,0,0.050862193
extremely,0,0.02058552,0,0.029292338,0,0,0.07376779,0.09475816,0,0,0,0,0.019403983,0.024703043,0,0,0,0,0
approve,0.085756786,0,0.5513505,0.843508,0,0,0,0,0,0,0,0,0,0,0,0,0.052058876,0,0.030063966
approval,0.085756786,0,0.5513505,0.843508,0,0,0,0,0,0,0,0,0,0,0,0,0.052058876,0,0.030063966
honored,0.027351568,0,0.14885369,0.4676659,0,0,0,0,0,0,0,0,0,0,0,0,0,0,0
relaxed,0.12606068,0.067596056,0.033293925,0.08880926,0,0,0.021898208,0.03355162,0,0,0,0,0.04888495,0.03355162,0,0,0,0,0
astonishing,0.023128293,0.082795605,0.17565769,0,0,0,0.3798991,0.28731486,0,0,0,0,0,0.06177716,0,0,0.0176023,0,0.037808474
astounded,0,0.0115405,0.18940176,0,0,0,0.84186363,0.9083772,0,0,0,0,0,0.01192723,0,0,0.020089397,0,0.005591732
secure,0.023303976,0,0,0.14266011,0,0,0,0,0,0,0,0,0.056959398,0.09487831,0,0,0,0,0
honest,0.09929533,0.06614954,0.06409504,0.025181258,0,0,0.02998014,0,0,0,0,0,0,0.042084087,0,0,0.15252207,0,0.072687685
excellent,0,0,0.09864563,0,0,0,0,0,0,0,0,0,0,0,0,0,0.09870468,0,0.047108468
blissful,0.23806174,0.07910162,0,0,0,0,0.025705524,0.04880534,0,0,0,0,0.035436723,0,0,0,0,0,0.028402017
joyous,0.9043999,0.2872566,0.061649054,0.06504518,0,0,0.19489177,0.14781187,0,0,0,0,0.25630093,0,0,0,0,0,0.015093608
gleeful,0.30941856,0.07834751,0.13258648,0.015680684,0,0,0.34136766,0.047959726,0,0,0,0,0,0,0,0,0,0,0.009927299
festive,0.19824614,0.1711647,0,0,0,0,0,0.061127726,0,0,0,0,0.174262,0,0,0,0,0,0
satisfied,0.16082326,0.07511418,0.112445086,0.08487801,0,0,0.12090073,0.16522719,0,0,0,0,0.077408105,0.18507107,0,0,0.05595889,0,0.04910862
cheerful,0.1655177,0.27484494,0,0.015250967,0,0,0.09842912,0.10508584,0,0,0,0,0,0.009240438,0,0,0,0,0
sunny,0.063551545,0.12301402,0.014137324,0,0,0,0.015563063,0,0,0,0,0,0,0,0,0,0,0,0.011292051
jubilee,0.60047536,0.4551347,0.04654516,0.019355975,0,0,0.2068012,0.14957567,0,0,0,0,0.1942439,0,0,0,0.026285928,0,0
jubilant,0.30047536,0.2551347,0.04654516,0.019355975,0,0,0.2068012,0.14957567,0,0,0,0,0.1942439,0,0,0,0.026285928,0,0
jovial,0.10002586,0.17874727,0,0,0,0,0.06275987,0,0,0,0,0,0.0516192,0.044375487,0,0,0,0,0
glorious,0.305048,0.087951936,0.10788795,0.04856086,0,0,0.03925454,0,0,0,0,0,0.038573727,0.029443886,0,0,0.0332884,0,0.13466948
innocent,0,0.05074588,0.025343152,0.027853535,0,0,0.039541706,0.018225372,0,0,0,0,0.02645327,0.11289959,0,0,0.030339139,0,0.1251455
gratify,0.076545104,0,0.0421701,0,0.052254573,0.08647753,0.025631055,0.002817936,0.21766216,0.1830316,0.06534928,0.09478973,0,0.06428813,0.082816504,0.018354835,0,0.07883266,0.077572726
gratified,0.076545104,0,0.0421701,0,0.052254573,0.08647753,0.025631055,0.002817936,0.21766216,0.1830316,0.06534928,0.09478973,0,0.06428813,0.082816504,0.018354835,0,0.07883266,0.077572726
euphoric,0.65207916,0.4735306,0.12069416,0.047279276,0,0.07374761,0.16017644,0.026158368,0.06390231,0.15206842,0.04452252,0.002376359,0.11146025,0.033608504,0.060432773,0,0.052590635,0.11244333,0
euphoria,0.85207916,0.6735306,0.12069416,0.047279276,0,0.07374761,0.16017644,0.026158368,0.06390231,0.15206842,0.04452252,0.002376359,0.11146025,0.033608504,0.060432773,0,0.052590635,0.11244333,0
on top of the world,0.023398273,0.006265636,0,0,0,0,0,0.003849875,0,0,0.075048015,0.06283571,0.061841723,0.07877839,0,0,0.019945346,0,0.002767046
playful,0.035045046,0.064633116,0.020066226,0,0,0,0.045151174,0.047059286,0.011297409,0.018274846,0,0,0.006644095,0.018525055,2.11E-04,0,0.051898714,0,0.07338634
courageous,0.002292796,0.0282346,0,0,0.034304228,0,0.029880807,0.038573824,0,0.060640767,0.003631776,0.03266299,0,0,0.036298394,0,0,0.04224632,0
energetic,0,0,0,0,0,0.0467653,0.024088707,0,0,0,0,0,0,0,0,0,0,0.003575156,0
liberated,0.014693061,0,0.003985564,0,0,0,0,1.76E-04,0,0.03634119,0.013487502,0,0,0,0,0,0.04625944,0.09003615,0.08608061
optimistic,0.013964826,1,0,0,0,0.061693717,0.008496664,0,0,0,0,0,0.098394796,0,0.013560116,0,0,0,0
animated,0,0,0.013397896,0,0.010418145,0.041793443,0.021939347,0,0,0.021507993,0.004835598,0.029447207,0,0,0,0.0396792,0.003422624,0.015112043,0.059196793
spirited,0.03662968,0.01034687,0.03547771,0.012699793,0.01888015,0.024024088,0.046121735,0.051087562,0,0.06358373,0.0500929,0.01558998,0.066858284,0,0.048044793,0.00973212,0.029725313,0.056446105,0.02608044
thrilled,0.20158434,0,0,0,0,0,0,0.116888985,0.006738029,0.005282905,0.047869742,0.037700266,0.039935417,7.25E-04,0.045568194,0,0.07415814,0.006599408,0.04594025
wonderful,0.107084535,0,0,0,0.017682718,0,0,0.014471669,0,0,0,0,0,0,0,0,5.68E-04,0.018704232,0.086499825
exhilarated,0.09281605,0,0.005584686,0,0,0.007323384,0.03105634,0,0.17507814,0.12271469,0.019310646,6.10E-04,0.067183614,0,0.075032964,0,0.054603606,0.054448277,0
spunky,0,0.004442175,0,0.025701223,0,0,0.027676987,0.05009549,0,0,0,0,0,0.054370873,0,0,0,0.015918212,0.15074833
youthful,0.022209404,0.08618178,0,0,0,0,0,0,0,0,0.04120478,0.02604132,0.008494031,0.022650415,0.015707614,0,0,0,0.00692618
vigorous,0.034189597,0.040050115,0.001501559,0.024393963,0,0.047569927,0,0,0.003165946,0.03946713,0.049996577,0.032651987,0.063254975,0,0,0.054320402,0.04705111,0.037593056,0.026939092
tickled,0.05898804,0,0.010108684,0,0,0,0,0,0.11262237,0.023048498,0,0,0.004102666,0.054273173,0.010333937,0,0.009010114,0,0.017719658
comfortable,0.017348778,0,0.08263853,0.07898431,0.011424529,0.065758765,0.02413337,0.048556816,0.022364818,0.045105465,0,0.03802937,0,0,0.008889647,0.091355436,0,0.019455316,0
pleased,0,0,0,0,0.022863235,0,0,0.03276346,0,0,0,0.033334084,0,0.02734141,5.57E-04,0,0,0,0
encouraged,0,0,0,0.07452566,0,0,0,0,0,0,0,0,0,0,0,0,0,0.007084065,0
surprised,0.017187582,0.024479598,0.004901929,0,0.042165887,0,0,0.8850466,0,0,0,0.001050083,0,0,0.004791049,0,0.016841348,0,0.021269517
content,0,0,0,0.003373019,0,0,0,0,0.041401148,0,0.031536147,0,0,0.001369303,0,0,0,0,0
serene,0,0.006105622,0,0,0,0.039492514,0.055079583,0,0,0,0,0,0,0,0.021674221,0,0,0.015587258,0.022238813
blessed,0.1403946,0,0,0,0.024499271,5.32E-04,0.048274226,0.021484409,0.055479914,0,0.046213098,0,0,0,0.06806526,0,0.030363925,0.056490283,0.038072236
motivated,0.015253803,0,0,0.0331532,0.045189753,0,0,0.045867447,0,0,0.016391005,0.04740716,0,0.14648218,0,0,0,0.019818828,0.00549265
eager,0,0.071730584,0,0.053856485,0,0,0,0,0,0.013763473,0,0.046719156,0.057555772,0.051720306,0,0,0,0,0
keen,0.019812264,0.03640486,0.07199017,0,0.019279571,0.050976846,0.027680207,0,0.07457945,0.06844847,0.001450413,0.04683106,0.06688486,0.17724611,0.035696406,0.044561002,0.08932651,0,0
earnest,0.056183346,0,0.022841556,0.050678518,0,0.007092569,0.16392308,0,0.07426009,0.046426028,0.15031709,0,0,0,0.06762885,0.02749102,0,0.024241766,0.016622286
inspired,0,0.049556,0.14559838,0.024684854,0,0.02504807,0.05010699,0.059154578,0.02520824,0.034393307,0.047154568,0.046422467,0.06936099,0.078927636,0,0.042897765,0.04590614,0.07571688,0.052781567
enthusiastic,0.032923248,0.040564757,0.1347467,0.08963739,0,0,0.039004583,0.014045783,0.024503943,0.057753436,0.048996914,0.05002144,0.058969196,0,0,0.035047267,0.054469906,0.063031055,0.03469921
enthusiastically ,0.32923248,0.40564757,0.1347467,0.08963739,0,0,0.039004583,0.014045783,0.024503943,0.057753436,0.048996914,0.05002144,0.058969196,0,0,0.035047267,0.054469906,0.063031055,0.03469921
bold,0,0.004906483,0,0,0,0.007206459,0,0.16537929,0,0,0,0,0,0,0,0,0,0,0
daring,0.038407553,0.048016537,0.029028283,0,0,0.11354641,0.027601512,0.1870122,0.027743064,0.037863832,0,0.039070737,0.08882592,0.07798639,0.047597285,0.017824456,7.27E-04,0,0.00607125
hope,0,0.018832184,0,0.02470861,0,0.002767969,0,0,0.015640065,0,0,0,0,0,0.005546751,0.028480114,0,0,0
upbeat,0.03975935,0.07243642,0.038389537,0.03367122,0,0.052228417,0.13888319,0,0.081820324,0,0,0,0.02814777,0,0.12425031,0,0.10593811,0.11094288,0.07348349
fine,0,0,0,0,0,0.047020804,0,0.047020804,0,0,0,9.72E-04,0,0,0,0,0.02170934,0,0
okay,0.010492574,0,0.01957845,0,0.035247505,0.020113599,0.020113599,0,0.125993,0.08006135,0.12750682,0.06333318,0.001652922,0,0.09288084,0.06741076,0.007762079,0.033113237,0
grateful,0.03578683,0,0,0,0.030609993,0,0.025898289,0,0.07099286,0.044463832,0,0.060950965,0,0,0.055054672,0,0.003880499,0.012368675,0
carefree,0.026230708,0.030105175,0.014164286,0.02304446,0,0,0,0,0.00392695,0,0,0,0,0.02721973,0,0,0.037100337,0,0
forgiving,0.02898761,0.03250767,0.085143395,0.04297157,0.019912899,0.033762995,0.015396046,0,0,0.03634575,0,0,0.07083227,0.05017904,0.04113244,0.02112216,0,0.04343906,0.05978285
sincere,0.007028788,0,0.08044292,0.002443377,0.008225342,0.0082584,0.03238851,0.002722875,0.06405849,0.09273241,0,0.01951358,0,0.013387974,0.056467798,0.060649563,0.027988447,0.06473192,0.108831674
tenacious,0,0.010503144,0,0.02024411,0,0,0.034251656,0,0,0.009278969,0,0,0,0.024681611,0.006491535,0,0,0.021085316,0.023405751
exuberant,0.0249628,0.07210242,0,0.060604792,0,0,0,0,0,0,0,0,0.080492,0.061409105,0,0,0.13086948,0,0.043832764
exuberance,0.7210242,0.249628,0,0.060604792,0,0,0,0,0,0,0,0,0.080492,0.061409105,0,0,0.13086948,0,0.043832764
privileged,0.064826526,0,0.045717124,0,0,0.05998009,0.013764629,0,0.038651366,0.005352686,0.029419413,0.02204553,0,0.039034378,0.059326082,6.35E-04,0.01230384,0.039520912,0
empowered,0.07504902,0,0,0,0.07718785,0.04335486,0,0,0.039044537,0.0382053,0.026377881,0.11751994,0,0.050553784,0.06055081,0.032233935,0.015361299,0.0783404,0.03365774
lousy,0.012430634,0,0.016283289,0,0.03281656,0,0.02114701,0,0.07775793,0.04227517,0,0,0,0.005220463,0.0733297,0.04167062,0.018780662,0.07092158,0.064994656
disappointed,0.026251638,0.056613423,0,0,0.026939971,0.009221407,0.025869697,0.14561819,0,0,0,0.07830246,0.012870093,0,0.025288375,0,0.032145903,0,0.050521307
discouraged,0.04018579,0.079174705,0,1.11E-04,0.005421316,0,0,0,0.008954803,0,0,0,0,0,0,0,0,0.016612165,0
ashamed,0.12805387,0,0.043102648,0,0.042244617,0.039077517,0.13761386,0.051697336,0.20128264,0.053516954,0.04713353,0.02419608,0.02056015,0,0.12883638,0,0.03925957,0.054187,0.030608824
diminished,0,0,0,0,0,0.018495249,0.018658506,0,0.014729083,0.028114032,0,0.03110132,0,0,0.05780981,0.06423492,0,0.05303337,0
guilty,0.10682509,0,0.057444453,0.08456131,0,0,0.13910514,0.014034295,0.026973706,0.057105683,0,0,0,0,0.07385827,0.05933871,0.013606696,0.017287914,0.011084501
guiltily,0.10682509,0,0.057444453,0.08456131,0,0,0.13910514,0.014034295,0.026973706,0.057105683,0,0,0,0,0.07385827,0.05933871,0.013606696,0.017287914,0.011084501
dissatisfied,0,0,0,0.1324292,0.032612737,0.108179495,0,0.012004405,0.05152421,0.16834287,0.03380673,0.112612404,0,0,0.03412,0.07620357,0.029408937,0,0
miserable,0.10392103,0,0.021545488,0,0,0.036399715,0.024768297,0,0.03984235,0.07939523,0.030818002,0.037537187,0,0,0.05826014,0.03475806,0,0.10325572,0.09688782
repugnant,0.058732968,0.003849726,0.047310364,0.011137505,0.038425755,0.015193,0.14413375,0,0.111875765,0.08429201,0.00700243,0.014539252,0,0,0.07585029,0,0,0.009609165,0
abominable,0.06088639,0.004487995,0.021248022,4.84E-04,0.044099808,0.010481562,0.054639533,0,0.08658902,0.051659267,0.08514327,0.084350966,0,0.029549628,0.069848046,0.020228235,0,0.05764077,0.001773455
in despair,0.4680996,0.28474846,0.40201306,0.11210794,0.3616983,0.51663804,0.52817106,0.09366533,0.54747605,0.5554167,0.41725266,0.4491997,0.34640792,0,0.6305832,0.29780176,0.11698625,0.53587866,0.18703365
sulky,0,0,0,0,0,0,0.014588974,0.020254215,0,0,0,0,0,0,0,0.002467096,0.076390944,0,0
bad,0.022226097,0.027995605,0.032851942,0,0.08207887,0,0.0474762,0,0.041656855,0.02045976,0.009371987,0.023650093,0,0.04018136,0.042440165,0.061670892,0.026264966,0.026581574,0.078305125
upset,0.085079096,0,0,0.007754197,0,0.02113049,0.017865075,0.19428615,0,0,0,0,0,0,0.013855463,0,1.95E-06,0,0
doubtful,0,0.013476598,0.01571819,0.043066744,0,0.083987616,0.062654376,0,0,0.019739551,0.024630088,0,0.071222425,0,0.035299037,0.040017296,0.06393153,0,0
uncertain,0,0.07122369,0,0.035224788,0,0.09239061,0.06931414,0,0,0.013322052,0.017749554,0,0.06450495,0.014515141,0,0.044603236,0,0,0.023531249
indecisive,0,0.015146177,0.014964242,0.053942487,0.020553395,0.04432022,0.013240787,0.026613446,0,0.027717525,0,0,0.021533549,0.006619205,0,0.014344143,0,0,0
embarrassed,0,9.73E-04,0,0,0,0,0,0.055693116,0,0,0,0.09430182,0,0,0.003589974,0,0,0.012338515,0
hesitant,0,0.107894845,0.029071175,0.041203097,0.04646751,0.13087247,0.021857973,0.004165672,0.04446759,0.042516418,0.007257115,0.029074775,0.037794992,0.026911005,0.022010924,0.008301761,0.04230187,0.033407293,0
shy,0.005759399,0,0.0558218,0.015054516,0.02981467,0.06098268,0.028158836,0.047786903,0.047310118,0.02035341,0,0,0,0,0.054446828,0.049080465,0.04648712,0.039587736,0.010020984
disillusioned,0.001270801,0,0.010685673,0.07311661,0.004970824,0.033125356,0,0.035857655,0.03389081,0.12140278,0.085425355,0.12883662,0.034645427,0,0,0,0.030494876,0.008934752,0.022520492
skeptical,0,0.092455246,0.029047623,0.049365852,0.05404713,0.05423223,0.004019361,0,0.014863656,0.05513499,0,0.08995261,0.030759593,0.013712968,0,0.08252563,0.015511643,1.18E-04,0
distrustful,0,0.025141276,0.002265335,0.045778725,0.03740701,0.11453267,0.009037842,0,0.07455925,0.08547837,0.057007078,0.047949124,0.07740333,0,0,0.044350643,0,0,0.03289216
misgiving,0.14041841,0.3136009,0.52278286,0.070340626,0.41194743,1,0.4801926,0.04985997,0.5887737,0.6087815,0.25829673,0.45132455,0.3319059,0.09949424,0.48812518,0.5140907,0.2573736,0.39312765,0.07792255
uneasy,0,0.07145053,0,0,0.0585476,0.16578601,0.054093517,0.033504,0.07061455,0.09522784,0.01733795,0.08138417,0.08937805,0,0.002793877,0,0,0.012470208,0.017834613
irritated,0,0,0,0.0790832,0,0,0,0,0.031528167,0.012760701,0,0.15226553,0,0,0,0,0,0,0
hostile,0.08666217,0.007826174,0.08680579,0,0.012723933,0.08460807,0.09906994,0.02272508,0.118828714,0.05767723,0.06474995,0.026568431,0.060571913,0,0.08365058,0.17088638,0.011861774,0.12685312,0.023158288
insult,0,0,0.009893566,0.053479638,0,0,0,0.029412165,0,0,0,0.03597383,0.010671783,0,0,0.015076729,0.016419573,0,0.017234005
annoy,0,0,0,0.049816087,0,0,0,0,0,0.005717589,0,0.11370018,0,0,0,0,0,0,0
hateful,0.029062524,0,0.019524043,0.05685484,0.11178975,0.018827185,0.012391003,0,0.09353198,0.053170096,0.053148843,0.07190206,0,0,0.08284491,0.004830285,0,0.065332666,0.045952998
unpleasant,0.059311748,0,0,0,0.04090794,0.054894865,0,0,0,0.024788527,0,0.07053383,0,0,0.029748946,0,0,0.03131397,0
bitter,0.07051456,0,0,0,0.07079032,0.002566727,0.03084569,0,0.060616273,0.04150253,0.10328704,0.10803334,0,0,0.051865704,0,0,0.07275565,0
inflamed,0,0,0,0.028526157,0.003004244,0.003857526,0,0,0.034157205,0.08651466,0.1997725,0.19348554,0,0,0,0,0,0,0
incensed,0,0,0,0.07592835,0.008894173,0,0,0,0.041214146,0.072189264,0.088527724,0.19071154,0,0,0,0,0.009090886,0,0.013133207
cross,0,0,0.012972569,0.058375288,0.022950405,0.03600845,0,0.019035814,0,0.002884311,0.03192395,0.001379954,0.05096231,0.0340251,0,0.03972313,0.024396915,0.015451552,0.022900237
worked up,0.015872052,0.02558864,0.07503117,0.010002401,0.02360243,0.030549603,0.038322803,0,0.06059291,0.004483917,0.015154679,0.00521849,0.02485507,0.012434579,0.009817619,0.05599951,0.008320652,0,0.047741618
boiling,0.002365405,0,0.00134211,0.062803164,0.003193999,0.031440165,0.003440928,0,0,0.06639227,0.16941838,0.12017351,0.026904482,0.048364937,0,0.026961526,0,0,0
fuming,0,0,0.041915063,0,0.02118197,0.012728469,0.054215536,0,0.021946128,0.06334356,0.084003665,0.10954374,0,0,0.001224083,0.087182984,0,0.014853603,0
indignant,0,0.028045097,0.08829234,0.008143819,0.071334116,0,0.28229234,0.2477135,0.1417492,0.23518653,0.13654126,0.18231504,0,0.016610052,0.068501495,0.20484155,0,0.10384637,0
crushed,0.035603847,0.005738988,0.032268986,0.012358983,0.020971537,0.017655998,0.059153665,0.034410086,0.030966735,0,0.004226934,0,0.058595866,0.03256814,0.0367165,0.06650057,0.013678006,0.051536407,0.060112257
tormented,0.16271901,0,0,0.06531184,0.044523854,0.038853347,0,0,0.047587134,0.03770257,0.2099961,0.10591838,0.04462435,0.008624801,0.20507602,0,0,0.23861146,0.100628376
deprived,0.11019502,0,0,0,0.013835534,0.026722042,0.021728726,0.06605512,0.017972548,0,0,0.040982205,0.07625184,0.01826145,0.00119877,0.007120531,0.04401407,0,0.015806058
pained,0.06483823,0.010915868,0.13553242,0.014920784,0.06763035,0.056998577,0.36587676,0.19165331,0.030768745,0.23527636,0.052090023,0.12260665,0.012109027,0.022323556,0.33788258,0.17520368,0.03845382,0.22981161,0
torture,0,0.044368785,0.013432276,0.07988709,0.005910838,0.019138465,0,0,0,0,0,0,0,0.025609456,0.025609456,0,0.00305094,0,0.03592243
rejected,0,0.023613527,0.030302672,0.40182462,0.05820004,0.015365249,0.016981049,0.02356369,0.03200214,0.074511416,0.0419905,0.088375784,0,0.03371551,0.041641057,0.16992235,0.01374961,0.021740234,0.026616925
afflicted,0,0.018153258,0.01610469,0.028953087,0.004231624,0,0,0,0,0,0.068409555,0,0,0.03428218,0,0,0,0.011501359,0.040108636
aching,0.15734062,0,0.00497391,0,0.004965214,0.03416994,0.09185345,0,0.004032156,0.075362496,0.042892974,0.053575244,0.04003251,0.26199076,0,0,0,0.1968135,0.074520916
victimized,0,0,0.02223311,0.012236215,0.061716408,0.022524072,0,0.015198712,0.027163956,0,0.10791076,0.06964403,0,4.29E-04,0.006343575,0.06588567,0,0.045460872,0
humiliated,0.07130127,0.001466657,0.033538584,0.0473487,0.037802152,0.050704513,0.07557775,0.11044714,0.047240283,0.07743562,0.07258838,0.10659698,0.01592052,0,0.11848781,0.057663385,0,0.10695872,0.031119693
wronged,0,0.018592415,0.043406896,0,0.008862253,0.017780421,0.037762765,0.039539367,0.11819005,0,0.06315625,0.07228017,0,0.08285127,0.0942218,0.049916256,0.017894505,0.08095208,0.011734838
tearful,0.08092992,0,0.06675607,0.09605785,0.03806925,0,0.16120726,0.06388682,0,0.043357156,0.043909766,0.023269596,0.058842447,0,0.2239367,0,0,0.25969714,0.07023271
sorrowful,0.05296804,0.04085921,0,0.003315099,0.026303677,0.052944787,0.18255398,0.05838182,0,0.08645501,0.027224652,0.003915888,0.041296937,0.023803014,0.7862376,0.029485343,0.020581163,0.301511,0.001967388
grief,0.3529951,0.12911074,0.29674992,0.03373591,0.20203881,0.23772167,0.32189748,0.08177853,0.297428,0.32860878,0.46263346,0.48467416,0.07418213,0.03463469,1,0.1645311,0.13579692,1,0.22652683
grieved,0.3529951,0.12911074,0.29674992,0.03373591,0.20203881,0.23772167,0.32189748,0.08177853,0.297428,0.32860878,0.46263346,0.48467416,0.07418213,0.03463469,1,0.1645311,0.13579692,1,0.22652683
desolate,0,0.031501852,0.010408516,0.00182,0.02518491,0.050378032,0.002814495,0,0.025254533,0,0.03386498,0,0.023638772,0.024581559,0.05265042,0,0.001103818,0.017632984,0.034887955
unhappy,0,0,0,0,0.17822982,0.07461518,0.040715046,0.16256717,0.06641555,0.024705246,0.07756214,0,0,0,0.5291647,0.16619791,0,0.14792544,0
lonely,0,0,0,0,0.091220826,0,0,0,0,0,0,0,0,0,0.12648371,0,0,0.13300198,0
mournful,0,0,0,0,0.05809523,0.027060216,0,0,0.026633374,0.03872139,0,0,0,0,0.33821583,0.01103255,0,0.22468065,0
dismayed,0,0,0,0,0.19403619,0.43895137,0,0,0.4958712,0.687276,0.30534753,0.42509013,0,0,0.51392937,0.5099149,0,0.38254642,0
fearful,0,0,0,0,0.77405834,0.23038335,0,0,0.07013052,0,0.1461524,0.17125261,0,0,0,0.015111844,0,0,0
nervous,0,0,0,0,0.21137568,0.2559362,0,0,0.03962245,0.0750855,0.0876245,0.07185487,0,0,0,0,0,0.006535216,0
scared,0,0,0,0,0.5983263,0.11926757,0,0,0.029541323,0,0,0.15296556,0,0,0,0,0,0,0
worried,0,0,0,0,1,0.17263699,0,0,0.0837391,0.07482142,0.05952317,0.13539098,0,0,0.16195565,0.07307079,0,0.14487056,0
frightened,0,0,0,0,0.5466754,0.12747169,0,0,0,0,0.10472241,0.043291893,0,0,0,0.07545673,0,0.028130112,0
timid,0,0,0,0,0.13595496,0.078272834,0,0,0.021732591,0.0203836,0.020274347,0,0,0,0,0,0,0,0
shaky,0,0,0,0,0.0751376,0.07922235,0,0,0.010405741,0,0,0,0,0,0,0,0,0,0
quaking,0.1107272,0,0,0.038077284,0.13047358,0.1616986,0,0.17311712,0.17529742,0.10441052,0.09276025,0,0,0,0.10810084,0.059861604,0,0.09548501,0
amazing,0.030492933,0.014278553,0.24197166,0,0,0,0.41527236,0.28415364,0,0,0,0,0,0,0,0,0.12053027,0,0.14491023
awesome,0.0684252,0,0.17046964,0,0,0,0.28141248,0.12614936,0,0,0,0,0.026509909,0.060781576,0,0,0.13519274,0,0.09332713
brilliant,0.061399512,0.037470385,0.23540325,0,0,0,0.047808003,0.09044459,0,0,0,0,0,0.053372834,0,0,0,0,0.1377241
useful,0,0.05645089,0,0,0,0,0,0,0,0,0,0,0,0.15837826,0,0,0,0,0.06611174
useless,0,0,0,0,0.015513628,0.06883878,0,0,0.015321883,0.097879834,0.08767333,0.04323241,0,0,0,0.010973164,0,0.09546069,0
terrific,0.072270915,0,0.08126461,0,0,0,0.15746094,0.117310524,0,0,0,0,0.07508541,0.0809223,0,0,0.110574685,0,0.12209586
horrible,0,0,0,0,0.104173675,0.053651318,0,0,0,0.08371065,0.12346253,0,0,0,0.12742758,0.076148376,0,0.18930936,0
terrifying,0,0,0,0,0.23894529,0.100876905,0,0,0.063016035,0,0.16267361,0.048823565,0,0,0.08907118,0,0,0.07654527,0
horrifying,0,0,0,0,0.8191587,0.3421643,0,0,0.06895001,0.03840112,0.025985822,0.062491167,0,0,0.069282405,0.046947576,0,0.13095942,0
adore,0.23805127,0.11041565,1,0.20307533,0,0,0.3801248,0.08218862,0,0,0,0,0.17493084,0.10069592,0,0,0.25621343,0,1
adoration,0.23805127,0.11041565,0.99874127,0.20307533,0,0,0.3801248,0.08218862,0,0,0,0,0.17493084,0.10069592,0,0,0.25621343,0,0.60914546
attachment,0.07652435,0.06384246,0.20609367,0.08048366,0,0,0.11679642,0.017470725,0,0,0,0,0.035756156,0.1197723,0,0,0.17646986,0,0.1721522
attract ,0,0,0.46679905,0.047294084,0,0,0.117222115,0.11024554,0,0,0,0,0,0.23240817,0,0,0.10254565,0,0.45123312
attraction,0,0,0.26679905,0.047294084,0,0,0.117222115,0.11024554,0,0,0,0,0,0.23240817,0,0,0.10254565,0,0.25123312
amuse ,0.3117193,0.097438745,0.3442384,0.103309326,0,0,0.53448224,0.2560874,0,0,0,0,0.14237006,0.07246269,0,0,0.13450666,0,0.08315413
amusement,0.3117193,0.097438745,0.3442384,0.103309326,0,0,0.53448224,0.2560874,0,0,0,0,0.14237006,0.07246269,0,0,0.13450666,0,0.08315413
cautious,0.055280507,0.31317747,0.062750354,0.03128639,0.20905267,0.162143,0,0.061266266,0.07688637,0.048842065,0.062069356,0.04907893,0.20504525,0.042915054,0.09332909,0.085284606,0.07806394,0.039029293,0.023502285
charmed,0.06654811,0.08233861,0.20676155,0.08330969,0,0,0.3572646,0.32500792,0,0,0,0,0,0.090735205,0,0,0.051763114,0,0.06407773
sardonic,0.04133574,0.12909925,0.01,0.05161633,0,0.027946321,0,0,0,0.030438067,0.0481295,0.02314093,0,0,0.1782194,0.09134249,0,0,0
satisfy,0.62508054,0.19853832,0.49720962,0.22434561,0,0,0.3195592,0.21993539,0,0,0,0,0.22190322,0.15264222,0,0,0.14121535,0,0.11684589
satisfaction,0.42508054,0.19853832,0.29720962,0.22434561,0,0,0.3195592,0.21993539,0,0,0,0,0.22190322,0.15264222,0,0,0.14121535,0,0.11684589
woe,0,0,0,0,0.099978626,0.13727844,0,0,0.12309389,0.08465543,0.1276733,0.120411836,0,0,0.3211465,0.08733607,0,0.32545975,0.050576072
wonder,0.14550667,0.06949143,0.3308301,0,0,0,0.5036934,0.3141965,0,0,0,0,0.07574555,0.13353185,0,0,0.064914264,0,0.13564306
smug,0.08569437,0.1715707,0.073615424,0.07264196,0.028442642,0.1881228,0,0,0.14238821,0.17113236,0,0.07932606,0,0,0.13133171,0.05490576,0,0,0
rejection,0,0,0,0,0.0853688,0.1393791,0,0,0.17352232,0.25513852,0.062080517,0.19894664,0,0,0.13984609,0.4500546,0,0.054387957,0
relief,0.26202157,0.058056943,0.06416856,0.10670435,0.09320968,0.121393465,0.21164335,0.08459723,0.101007186,0.18456483,0.09386001,0.16964343,0,0,0.17543964,0.0831643,0,0.16426218,0.046093218
relieved,0.26202157,0.058056943,0.06416856,0.10670435,0.09320968,0.121393465,0.21164335,0.08459723,0.101007186,0.18456483,0.09386001,0.16964343,0,0,0.17543964,0.0831643,0,0.16426218,0.046093218
repentance,0.15142557,0.025512854,0.13610429,0.2037338,0,0.12209828,0.058209278,0.033512954,0.12661725,0.13204496,0.11728032,0.16138764,0,0.021982852,0.15843876,0.05973649,0.003393981,0.22068039,0.1513898
resent,0,0,0,0,0.16920628,0.065779686,0,0,0.14488256,0.045867737,0.098011106,0.1857104,0,0,0.011915307,0.17539753,0,0,0.04864677
resentfully,0,0,0,0,0.16920628,0.065779686,0,0,0.54488256,0.45867737,0.98011106,0.1857104,0,0,0.011915307,0.17539753,0,0,0.04864677
rapture,0.4531952,0.15474659,0.24484873,0,0,0,0.44867375,0.18939918,0,0,0,0,0.3295732,0,0,0,0,0,0.0991053
peaceful,0.04585954,0.077047326,0,0.59621923,0,0,0,0,0,0,0,0,0,0,0,0,0,0,0.04649924
pensive,0,0,0,0,0.05669343,0.10333616,0,0,0.013728131,0,0.027943693,0.030986654,0.037128508,0,0,0,0,0,0
mortify,0,0,0,0,0.47996946,0.27030593,0,0,0.53276868,0.48133473,0.11839322,0.15350834,0,0,0.54639844,0.15371025,0,0.3396121,0
mortification,0,0,0,0,0.047996946,0.27030593,0,0,0.33276868,0.28133473,0.11839322,0.15350834,0,0,0.34639844,0.15371025,0,0.3396121,0
humiliate,0,0,0,0,0.25487532,0.28499348,0,0,0.51638926,0.49594943,0.36234003,0.43278745,0,0,0.47490085,0.17050989,0,0.5594376,0
humiliation,0,0,0,0,0.15487532,0.18499348,0,0,0.31638926,0.29594943,0.16234003,0.23278745,0,0,0.37490085,0.17050989,0,0.3594376,0
hurt,0,0,0,0,0.22711204,0.08383386,0,0,0.053023085,0.08899334,0.077163756,0.1517719,0,0,0.14869556,0.067887954,0,0.13247858,0
hysteria,0,0,0,0,0.60448766,0.26833084,0,0,0.3413092,0.211726,0.392058,0.22844158,0,0,0.1817374,0,0,0.16173966,0
hysterically,0,0,0,0,0.60448766,0.26833084,0,0,0.3413092,0.211726,0.392058,0.22844158,0,0,0.1817374,0,0,0.16173966,0
flustered,0,0,0,0,0.06442677,0.020454613,0,0,0.003773317,0.01256,0.034957517,0.09082994,0,0,0,0,0,0,0
fondness,0.15789929,0.123784155,0.4672257,0.10032918,0,0,0.20620024,0,0,0,0,0,0.052378755,0.22983555,0,0,0.3142693,0,0.29048544
fright,0,0,0,0,0.7666068,0.75805664,0,0,0.37169388,0.37358198,0.31972116,0.16326174,0,0,0.30893075,0.16346675,0,0.29178518,0
envious,0,0,0,0,0.06037975,0.06307965,0,0,0.21620122,0.1,0.026902996,0,0,0.02197412,0,0,0.047086276,0,0
contempt,0,0,0,0,0.19508837,0.29893306,0,0,0.501394,0.5219945,0.27987868,0.3656006,0,0,0.21550632,0.38695005,0,0.10925655,0
compassion,0.20276521,0.24965303,0.34258062,0.108582795,0,0,0.1412389,0.026758865,0,0,0,0,0,0.07436805,0,0,0.22035575,0,0.37030393
complacent,0,0.1952661,0.0567,0.07136614,0.062037762,0.0797265,0,0.1068106,0,0,0,0,0,0.038115513,0,0,0.04576797,0,0
empathy,0.1538565,0.24138577,0.49613276,0.16211212,0,0,0.23982541,0.085140966,0,0,0,0,0.07229498,0.085140966,0,0,0.29965308,0,0.20341559
raw,0,0,0,0,0.054216508,0,0.029917216,0.015292716,0,0.05823166,0.1241591,0.124740414,0.05627954,0.040782463,0.007742355,0,0.03245387,0.07595311,0.044078298
vehemently,0.06303241,0.05466732,0.0525689,0,0.09076161,0.007500067,0.042235404,0.05141852,0.039741483,0.011341775,0.08265646,0.13264482,0.003486757,0.035788506,0.046264943,0.30049896,0,0,0.016498137
forlorn,0.011197737,0.043619134,0,0,0.058228992,0.050786193,0,0,0.058837857,0.07664785,0.04694061,0.010921233,0,0,0.19832143,0,0,0.1219439,0
feisty,0,0.05172805,0.030489568,0,0,0,0,0,0,0,0.035346292,0,0,0.03766789,0,0,0,0,0.034520045
defiant,0.013346737,0.18691996,0.048944205,0.107248396,0.056124303,0.03496417,0.059001483,0.03331275,0.06895468,0.09938013,0.15159887,0.16239485,0.06254841,0,0.06232261,0.18291405,0,0.051109627,0
curious,0.09005006,0.099994555,0.15181056,0.013366137,0.070720986,0.09183973,0.18923031,0.2144412,0.14294977,0.11771155,0.08179027,0.07203641,0.09401339,0.2921547,0.06979387,0.08935081,0.11187036,0.041964475,0.061822332
inquisitive,0,0.070123106,0,0,0,0.042323455,0.10936195,0.05036318,0,0,0,0,0,0.13197209,0,0,0.04253545,0,0.033897996
clever,0,0.03206687,0.047525406,0.011557533,0,0,0.049801726,0.14147651,0,0,0,0,0,0.072593644,0,0,0,0,0.047794055
haughty,0,0,0,0,0.037948016,0.010368846,0,0,0.04658056,0,0,0.046905458,0,0,0,0.07022386,0,0,0
hatred,0.06897499,0.1286009,0.3153313,0,0.32842085,0.13026527,0.16928506,0,0.9282625,0.3670477,0.5260244,0.5765253,0.015280667,0.06158497,0.21924911,0.14459498,0.025645357,0.22990505,0.20999497
hate,0.031943683,0.021958554,0.1887799,0.037272085,0.328421,0.048749957,0,0,0.928263,0.367048,0.13950515,0.13829362,0,0,0.05512653,0.20968091,0,0.06607437,0
mean,0,0,0,0,0.23046881,0.015549025,0,0,0,0,0.01376857,0.015035563,0,0,0.027224082,0.26655387,0,0.03636649,0.0986449
nasty,0,0,0,0,0.06818924,0,0,0,0.050397426,0.06296462,0.08676529,0,0,0,0,0.10141699,0,0,0
naughty,0.08065741,0.04354263,0,0,0,0,0.08415502,0.1346074,0,0,0.019081937,0.00554304,0,0.06375609,0.011865096,0.29137233,0,0,0
patient,0,0.20135412,0.050234735,0.014853102,0,0,0.009317499,0,0,0,0,0,0,0.02351263,0,0,0,0,0
obnoxious,0,0,0,0.041207504,0.015512769,0.08700665,0,0,0.03764877,0.108354695,0.041311778,0.031194331,0,0.030134441,0,0.15139957,0,0,7.63E-05
obstinate,0,0.06752604,0.017820276,0,0,0,0,0,0,0,0,0,0,0,0,0,0,0,0
revere,0.09910804,0.24417907,0.7810769,0.03090352,0.313454,0.2094206,0.33397302,0.031751353,0.43164584,0.23545296,0.039903305,0.06079847,0.13016263,0.13503626,0.24681285,0.19421591,0.34308714,0.19433698,0.12212191
reverence,0.09910804,0.24417907,0.5810769,0.03090352,0.713454,0.2094206,0.33397302,0.031751353,0.43164584,0.23545296,0.039903305,0.06079847,0.13016263,0.13503626,0.24681285,0.19421591,0.34308714,0.19433698,0.12212191
ridiculed,0.056755666,0,0,0,0.13323218,0.19021209,0,0,0.32548425,0.36626402,0.099430464,0.197309,0,0,0.13318487,0.338486,0,0.08408646,0
restrained,0.08057106,0.05797574,0.056045085,0,0.12121458,0.15890643,0.002837316,0,0.042913225,0.071186356,0.20800489,0.17256811,0.11366122,0.027049784,0.039230168,0.072087474,0.049809832,0.089551516,0.031053424
sweet,0.08944291,0.03398178,0.024043428,0.021587914,0.017149294,0,0.031144133,0.086009234,0.048328828,0.007231448,0,0,0.098032765,0.002070537,0.08479463,0.004798588,0.016861364,0,0.016892126
tender,0.06752385,0,0.07751487,0.14709203,0.006580954,0,0,0,0.006284611,0,0.006552691,0.01159807,0.030646568,0.037848894,0.11815571,0.054833017,0,0.13835701,0.20127347
trepidation,0.28426036,0.28194138,0.31849667,0.029315937,0.64421374,1,0.4844,0.12228031,0.45908305,0.33353737,0.13284537,0.18752159,0.30691305,0.023280287,0.486707,0.23824023,0.06897647,0.21762885,0
valiant,0,0.015109907,0.18240982,0.022860033,0.05128564,0.017650804,0,0,0.04542457,0,0.009263549,0,0,0.002758752,0.007517944,0,0.021579403,0.03523943,0.015016828
victory,0.09799289,0.05650372,0.050264392,0.07377318,0.013742873,0.0248628,0,0.010089858,0.038711123,0,0.026004542,0,0.050496284,0.011659643,0,0,0,0,0.03147646
victorious,0.09799289,0.05650372,0.050264392,0.07377318,0.013742873,0.0248628,0,0.010089858,0.038711123,0,0.026004542,0,0.050496284,0.011659643,0,0,0,0,0.03147646
mad,0.08678661,0,0.009382271,0.003974971,0.07552279,0,0,0,0.015195206,0.027601581,0.22603314,0.12747028,0.045476884,0.019478355,0,0,0,0,0.056705527
vindictive,0,0.033681717,0.02590447,0,0.09313713,0.03989197,0,0,0.14728315,0,0.11265481,0.055725824,0,0.06078744,0,0.09250257,0,0,0.021711525
vociferous,0.042283352,0.007297173,0.09633555,0.012295534,0.04360704,0.021977177,0.11605433,7.17E-04,0.17928304,0.09878197,0.06965499,0.07118367,0,0.037850067,0,0.18117239,0,0.008246847,0.040796753
violent,0.013901135,0.05292676,0,0.010149591,0.09769923,0.066612855,0.011129792,0.019727476,0,0,0.28267246,0.15195505,0,0.042412195,0.020462712,0,0,0.04329363,0.041280266
vocal,0,0.043816693,0,0,0.045112636,0.03531978,0,0,0,0,0.11335704,0.07224819,0,0,0.03332782,0.061715886,0,0.018710332,0
wary,0,0.09336627,0.038795568,0.062402885,0.3784325,0.13890912,0.019992072,0.056870785,0.085611,0,0,0.13078326,0.059861716,0.12113274,0,0.044874195,0,0,0.009246589
weary,0.029113986,0.05731765,0.006224829,0.13517478,0.10227561,0,0.05492092,0.014147689,0,0.09947037,0.015187047,0.070156425,0.057140127,0.041320253,0.009137197,0.04533636,0,0.006221858,0
wicked,9.32E-04,0,0,0,7.26E-04,0.030329073,0.007392058,0.035153467,0.06998109,0.093176946,0.14761019,0.046093524,0.042169187,0.001868525,0.033935282,0.0790521,0,0,0.01770084
wonder,0.116891965,0.06949143,0.26140535,0,0.2132978,0.06632244,0.25716195,0.117398985,0.090195335,0.06157506,0.08337273,0.06972031,0.054268084,0.031137435,0.057446975,0.020680768,0.048815053,0.0742864,0.09231307
wrath,0.01734432,0,0.21852843,0,0.14082906,0.07319124,0.11107325,0.032115996,0.38095376,0.2812491,0.68515146,0.657058,0,0.031626716,0.025813796,0.3198529,0.055734783,0.13936378,0.06810413
zeal,0.19036393,0.24982157,0.23335281,0,0.08903341,0.089339234,0.060663845,0,0.20699279,0.094509505,0.17932382,0.043507174,0.14357875,0.13778187,0,0,0.09905498,0,0.13378425
tame,0.002692324,0,0.01321629,0.04778389,0.008121759,0.05198332,0.011999779,0.02698577,0,0.006530203,0.13745217,0.05176722,0,0.026019296,0,0,0.03451585,0,0.08009324
lame,0,5.25E-04,0,0.035629395,0,0.031937074,0.020035988,0.012465531,0,0.014962884,0,0,0,0.034632552,0,0,0,0,0
shame,0.21430708,0.018356482,0.13804185,0.032270767,0.20004977,0.20072746,0.22494486,0.085118964,0.17913993,0.37334883,0.26909983,0.33229786,0.08330728,0.02327924,0.5049835,0.24620861,0.037617024,0.40824386,0.047794387
perky,0,0.06934535,0,0.004364872,0,0.045789167,0.04388526,0.051665585,0,0,0,0,0,0.032184966,0.016127324,0.002833631,0,0,3.69E-04
pride,0.397805,0.39199975,0.35035974,0.12996197,0.25537667,0.2182127,0.27300814,0.10852543,0.22067162,0.25206783,0.30343038,0.35432586,0.17433666,0.10311386,0.2534575,0.11840666,0.16287301,0.26551172,0.19652162
lazy,0,0.020709358,0.020240227,0.09133327,0.03688342,0.043979038,0,0,0,0.037922952,0.021888597,0,0,0.020393847,0,0,0,0,0.03302925
lively,0.09182031,0.023523105,0,0,0,0,0.022083292,0.02593009,0.004081656,0,0.005128299,0,0,0.08833544,0,0,0.01675843,0,0.059442997
indifferent,0,0.010314168,0.031042691,0.07108407,0.032190766,0,0.07245484,0,0.017352218,0.13894945,0.007210514,0,0,0.17681174,0,0.13649875,0.052969683,0,0.06743014
optimistic,0.13554525,0.9052933,0.10958929,0.041503947,0.10012407,0.13927022,0.07063401,0.13734666,0.084422685,0.043462474,0.055645112,0.08272816,0.12069136,0.07779615,0.105462015,0.02119016,0.064876854,0.058441542,0.067087024
happy,0.24886608,0.13903964,0.024073435,0.09211753,0.033101447,0.053966228,0.10076265,0.25960106,0.021426048,0.046407767,0.042871524,0.06967198,0.055876985,0.14054964,0.11979893,0.02818548,0.022610718,0.08515523,0.1959651
confused,0.057890616,0.020348968,0.03783244,0.10083712,0.09416496,0.12306002,0.177351,0.206676,0.06988937,0.082815275,0.084157065,0.11954641,0.034408104,0.026927713,0.13438039,0.026173297,0.046738967,0.11185766,0.060795236
solid,0,0.030519804,0.010122427,0.016153498,0,0.022658156,0,0.10197283,0.02912705,0.054319985,0.033134654,0.006521962,0.015252445,0.030740233,0,0.08778193,0,7.91E-04,0
adequate,0,0,0.03168105,0,0,0.03264589,0.04492927,0,0.040273026,0.003357015,0.03690569,0.017132483,0.001041392,0,0,0.016421417,0,0,0.03009035
approval,0.085756786,0.063401654,0.5513505,0.78290665,0.04809649,0,0.024960151,0,0.07297407,0.09326539,0.05360472,0.035316393,0.090757295,0.03606988,0.002294079,0.3444195,0.10494374,0.052457888,0.023551656
glad,0.06097923,0.0997742,0.12565641,0,0.026039502,0.029777389,0.18368903,0.22921842,0,0,0,0.017241588,0.029101187,0.103114724,0.087247655,0.088784106,0,3.49E-04,0.09732936
intrigue,0,0.041722406,0.10008793,0.018135017,0.043575328,0,0.51608477,0.51636167,0.02645962,0,0,0.13252532,0,0.47048256,0,0,0.036045052,0,0.08772354
dull,0.09610046,0.010387986,0,0.03039331,0,0.012455018,0.054174423,0.012324581,0.045269653,0.057893857,0,0.060532816,0.1044792,0.1023957,0.06475262,0.004221894,0.09829722,0.05100097,0
boring,0,0,0.019681642,0.018202884,0.038302667,0,0.059861433,0.08569763,0.07415643,0,0.008125712,0,0,0.042718157,0,0,0.023623196,0,0.067057766
angry,0,0,0,0.05755322,0.12362734,0,0.02330317,0.13468796,0,0.05929399,0.32588255,0.8021816,0,0.037392918,0,0.08905919,0,0.0873307,0.047068
focus,0.053039186,0.053306248,0,8.69E-04,0,0.036024537,0.003991412,0,0,0.007813487,0.047329992,0.032391742,0,0.25244513,0.00650145,0,0.037050817,0.065748155,0.1632154
focused,0.053039186,0.053306248,0,8.69E-04,0,0.036024537,0.003991412,0,0,0.007813487,0.047329992,0.032391742,0,0.25244513,0.00650145,0,0.037050817,0.065748155,0.1632154
good,0.045336355,0.09105745,0.03045988,0.010064296,0,0.030143678,0,0.03619353,0.07102028,0.096366175,0.003078984,0.031148952,0.01986118,0.08239651,0.020801665,0.10502921,0.031508155,0.029217357,0.20364995
blow,0.032993868,0.013077176,0.011159193,0,3.67E-04,0.001337778,0,0.19855818,0,0,0,0.04765946,0,0,0.051878575,0.025816955,0,0.017917033,0
right,0.020530734,0,0,0.02805255,0.10642807,0.054486662,0,0.052931763,0,0.010527166,0,0.01545447,0.06660802,0.05301747,0,0,0,0,0
hail,0.12474957,0.15921296,0.17105421,0.10432242,0.006558199,0.09540322,0.08981485,0.188162,0.019236358,0.013335206,0.049796488,0.086669154,0.11572936,0.007531109,0.062159114,0.13308984,0.005415394,0.00270434,0
hailed,0.12474957,0.15921296,0.17105421,0.10432242,0.006558199,0.09540322,0.08981485,0.188162,0.019236358,0.013335206,0.049796488,0.086669154,0.11572936,0.007531109,0.062159114,0.13308984,0.005415394,0.00270434,0
generous,0.045915354,0.101582274,0.14984432,0.10635711,0.010792957,0.009500958,0.03765115,0.023775022,0.058252838,0.01769889,0.016823912,0.016866103,0,0.007592242,0.032879733,0,0.1068408,0.032631952,0.077775136
expect,0.0333652,0.14182718,0.10203892,0.020824878,0.19868913,0.05088931,0.08364714,0.1718819,0.002341488,0,0.024567816,0.020825101,0.52056736,0.08250157,0.022242181,0.050845586,0.018579476,0.014732207,0.06258594
stingy,0,0.003639452,0,0.04918611,0.07669564,0.014719232,0,0,0,0.036536805,0.039208204,0.06942591,0,0.08172386,0,0,0.00129159,0.018776327,0.006471345
best,0.038757294,0,0.038226526,3.34E-04,0,0.011931212,0.030542018,0.1167302,0.047032792,0.05410001,0.08499039,0.029546417,0,0.0657942,0.029001787,0.08144009,0.030734655,0.07539777,0.20299055
worst,0,0.04751796,0,0.010741789,0.15447187,0.007036293,0,0,0,0.026274031,0.16710272,0.05250905,0,0.016977007,0,0.018917225,0,0,0.039785955
courage,0.06974077,0.25549436,0.2710719,0.023171432,0.010000627,0.023417613,0.058729503,0.02840118,0,0,0.021167444,0,0,0,0.027736086,0.005023288,0.13702427,0.040164426,0.12759891
shocked,0.08324326,0.028749874,0.079763904,0.027408049,0.060461037,0.07768383,0.40584156,0.8850466,0.04470139,0.10050491,0.048778996,0.29600486,0.03039806,0.07944813,0.14949754,0.035919335,0.04915481,0.15648143,0.038367197
problem,0.002928842,0.009481038,0.0638221,0.023177221,0.15852259,0.050671194,0,0.036638983,0,0,0.006233372,0.05312844,0.013434351,7.33E-04,0,0.11789963,0,0.019882653,0.009647247
positive,0.057939686,0.2523932,0.04182367,0.11013396,0,0.020820765,0,0.08856019,0,0.033016477,0,0.0345816,0.05670279,0.084201664,0.018327706,0.06926713,0.03342498,0,0.06230148
committment,0,0.099578895,0.24283746,0.19176486,0.020776702,0.0247326,0.020327592,0,0.10197008,0.07848712,0.021380935,0,0.018128118,0.18363747,0,0.10902217,0.17453437,0,0.18769939
committed,0,0.041306086,0.089799054,0.102038816,0.007683033,0.009145889,0.037630774,0,0.037707597,0.029023815,0.013400193,0,0.024511315,0.121529184,0,0.040315393,0.0645412,0,0.069409505
slam,0.048025317,0.017632388,0.07158246,0,0,0,0.03186972,0.040830296,0.06607323,0.12225665,0.09081748,0.117414355,0.05190239,0.008237839,0.03718482,0.05569449,0.056832135,0.057271432,0.02304221
love,0.31747976,0.14821059,0.30322003,0.1337353,0.13136688,0.010910176,0.030247865,0.044531155,0.16145986,0.1241066,0.2159118,0.1404627,0.00634949,0.2282246,0.12591286,0.03873538,0.2605011,0.22652683,1
loved,0.24838665,0.06385835,0.20727381,0.0576215,0.12496713,0.004700784,0.03965012,0.051676784,0.06956697,0.053472858,0.09302826,0.060520083,0.002735756,0.17863204,0.054251105,0.079617366,0.13129553,0.12927473,0.8617246
squirming,0.12893121,0,0.035976376,0.030596092,0,0.03898055,0.24548832,0.0825806,0.049622145,0.15074854,0.052459616,0.011148634,0.066954136,0.009781088,0.050275534,0.06314971,0.023714505,0.03258338,0.06682999
favourite,0.060716026,0.004935665,0.10030278,0.008933764,0.025417175,0,0.03627417,0.25149232,0.093510576,0.001761019,0.06955981,0.022772398,0.017112786,0.07560585,0.002761411,0.019483749,0.054707903,0.028728642,0.17943244
awkward,0.014128924,0,0.08635003,0.13584557,0.018022174,0.050217148,0,0.09734695,0.020332841,0,0,0.005518438,0.052001905,0.057896193,0.058097947,1.03E-04,0,0.022329247,0.11110162
wonderful,0.2496364,0.00325046,0.13212962,0.026095603,0.037836675,0.018110685,0.05730505,0.07037563,0,0.005978121,0,0,0.06708908,0.10051886,0.08117962,0.05468986,0.17956589,0.027156105,0.24618629
squirm,0.12893121,0,0.035976376,0.030596092,0,0.03898055,0.24548832,0.0825806,0.049622145,0.15074854,0.052459616,0.011148634,0.066954136,0.009781088,0.050275534,0.06314971,0.023714505,0.03258338,0.06682999
hero,0.047623497,0.04474973,0.09629381,0.09802217,0.051143166,0.025055993,0,0.061257776,0,0,0.047757134,0.03526295,0,0.015875274,0,0,0.06626041,0.016043784,0.15664023
ultimate,0.12679154,0,0,0.2530642,0.07528055,0.014954111,0,0.017682374,0,0.013255874,0.08674275,0.019054916,0.013551583,0.02933669,0.008909641,0.013825532,0,0,0.114173055
cool,0,0.033755366,0.08200665,0.021068905,0,0.013483022,0.002134434,0,0,0,0.053425338,0.033885423,0,0.0936848,0.020609792,0.003351961,0.047752008,0.024792697,0.05114326
cooler,0,0.017756263,0.02171483,0.002856322,0.004633379,0,0.05212522,0.03435602,0,0.002358244,0.06340287,0.017824676,0.005642198,0.049280815,0,0.001763225,0.025118886,0.019011399,0.03222379
boss,0,0.007536273,0.005621436,0.03494685,0.10422613,0.005444862,0,0.02331044,0,0,0.028447427,0.038796436,0,0,0,0,0.010217455,0,0.09707329
final,0.007717034,0,0,0.017170038,0.04451218,0.027474942,0.016954493,0.06756692,0.015249933,0.010068585,0.01645672,0.018236646,0.006194206,0.001945064,0.02560469,0,0,0.017058004,0.015611576
finally,3.37E-06,0.012113157,0.004980293,0.025935812,0,0,0,0.078454554,0.0445803,0.028678998,0.05406219,0.026750943,0,0.008087638,0,0.044844013,0.0778523,0.03685548,0.07352104
great,0.12132079,0,0.13105913,0.023051972,0,0.07613154,0.024239054,0.033623103,0.061035674,0.08993694,0.018464807,0.057076015,0.0313079,0.07827031,0.08459679,0.03920225,0.015618529,0.05233158,0.26393333
hypocrite,0.0794614,0,0.038576275,0.017317623,0.026933964,0.014725827,0.034173578,0.053285953,0.11907569,0.043435678,0.031782757,0,0.001444005,0.016549751,0.008634376,0.044548497,0,0,0.08813883
cute,0,0.008157455,0,0,0,0,0.037523836,0.042712327,0,0,0,0,0,0.110328026,0.009554966,0,0,0,0.11169839
success,0.15376318,0.1658193,0.061924983,0.2485787,0,0.05651114,0.037619863,0.0603967,0,0.02528249,0.024256058,0.05236973,0.035288937,0.036952287,0.015954398,0.0923459,0,0.029299,0.0553398
successful,0.020349842,0.09659823,0.028429244,0.07477619,0,0.03256295,0,0.054632846,0.0419668,0.023774473,0,0,0,0.048597865,0.051422473,0.06567131,0,0.024873313,0.04589679
proud,0.085154645,0.078071445,0.1873514,0.041223705,0.06745678,0,0.16470127,0.1828958,0,0,0,0.078351885,0,0.048078336,0.015012073,0.07453403,0.06881417,0.001124588,0.060043436
applaud,0.15283848,0.04964626,0.2874576,0.038369775,0,0.007312531,0.14793955,0.1961287,0,0.018824529,0.014763597,0.12041248,0.06764923,0.006465235,0,0.18767813,0.13508534,0,0.0760224
barbaric,0,0,0.0488401,0,0,0.06528726,0.052572172,0.087804854,0.043722615,5.45E-04,0.021011088,0,0,0.12395798,0.04976091,0.11389468,0.001227608,0.067305714,0.017172972
barbarian,0.031664785,0.008891721,0,0.016031682,0,0.041386157,0.024828652,0.15523908,0.09445586,0,0.062470175,0.001142879,0.013955864,0.06468771,0.055930022,0,0.009650198,0.015252456,0
senseless,0,3.27E-05,0,0,0,0,0.10678667,0.094132885,0,0.019074371,0.16501996,0.022426797,0,0.05133141,0.13920076,0.015221734,0,0.20388976,0.030286787
war,0,0.023980478,0.004858972,0.025153322,0.09191963,0,0.002789707,1.61E-04,0,0,0.10334461,0.08271018,0,0.049515203,0,0.07702069,0,0.045507826,0.052334934
fight,0.009411947,0.02316189,0.046256028,0.013102463,0.07577421,0,0.055273034,0.015736006,0.02970477,0.008682404,0.19604519,0.042648315,0.015712798,0.003934588,0.009314738,0.031708747,0.010739289,0.019959988,0.006809267
disorder,0.031787347,0,0,0.05169545,0.08563138,0,0.006589273,0,0,0.035239432,0.1658961,0.10686851,0,0,0.047875416,0,0,0.14365888,0
chaos,0.14457607,0.030839976,0,0.018195458,0.18810976,0.05862309,0.048019435,0.07962077,0.044151504,0.06100454,0.12004955,0.12007079,0.024522828,0.001010428,0.0988625,0,0,0.120788455,0.023145348
mayhem,0.12633917,0,0,0.06637027,0.059029303,0.061619084,0.1415946,0,0.095585525,0.08101276,0.17668235,0.04549213,0,0.028318344,0.116045,0,0,0.12983382,0.012305445
fear,0.20384175,0.22119698,0.15710238,0.026508734,1,0.78686124,0.07635353,0.08333019,0.29118448,0.22346824,0.25959888,0.39741775,0.25344673,0.16831927,0.175559,0.08571103,0.058464415,0.20203881,0.13136688
deplete,0,0.09133797,0,0,0.006014351,0,0.018274033,0.02127191,0,0,0,0,0.11466348,0,0,0,0,0,0.009354339
defeat,0.07641327,0.002545981,0.039250728,0.12140408,0.013902922,0.046042528,0.08811281,0.116069056,0.013491737,0.14658424,0,0.04948235,0,0.00818383,0.10929388,0.11620733,0,0.077683836,0.03281589
offend,0,0.001813783,0.087775655,0,0.045117922,0.03642191,0.10784449,0.19515382,0.002451682,0.076300755,0.004972885,0.57252944,0,0.057014205,0,0.13828325,0.053225134,0,0.022538535
apology,0,0.014303172,0.14143182,0.2611833,0,0,0.027899837,0,0.048678096,0.06310901,0.058635242,0.09745766,0,0.017090563,0.10169537,0.1257892,0.17451198,0.15513271,0.064452566
destroy,0.005902955,0.008950002,0.034419265,0.04064996,0.12212661,0.005677838,0.041851822,0.016985472,0.0174207,0.030455824,0.10586601,0.031150047,0,0.009870555,0.009304375,0.015224189,0,0.044650916,0.012856461
destruction,0.014171712,0.021487009,0.008588944,0.09472401,0.06547935,0.004729989,0.10047713,0.049408413,0.016326994,0.02537158,0.056249972,0.074784495,0,0.019280322,0.022337785,0,0,0.10719715,0
destroyed,0.005902955,0.008950002,0.034419265,0.04064996,0.12212661,0.005677838,0.041851822,0.016985472,0.0174207,0.030455824,0.10586601,0.031150047,0,0.009870555,0.009304375,0.015224189,0,0.044650916,0.012856461
bankrupt,0.021935953,0.016252484,0.032933384,0.018458,0.032401178,0,0.01696888,0.031044865,0.04293835,0.024086654,0,0.060824685,0,0.06995637,0.007013341,0.012408257,0,0.005144554,0.00906769
sacrifice,0.07207113,0.052117422,0.0804545,0.083351195,0,0,0,0,0,0,0.005740757,0.007143722,0,0.064367026,0.04291627,0,0.09058746,0.122907735,0.12202159
sacrificing,0.0463194,0.024118995,0.060045768,0.046956245,0.01271496,0,0,0,0,0,0.04118159,0,0,0.07372876,0.019860871,0,0.04192223,0.056879465,0.06563131
defence,0,0,0.06604372,0.018111566,0.003719174,0,0.016846681,0.036975525,0.07508439,0,0.027228788,0.001741189,0.011330931,0.001496561,0.015777184,0.040933024,0,0.013715349,0
defend,0.01076655,0.001105924,0.034680884,0.10014157,0.008700769,0.01303585,0.013123476,0.1531712,0.028937064,2.83E-04,0.053349707,0.066212736,0.011991543,0.026849216,0.030438969,0.040726665,0,0.040354267,0
defending,0.01076655,0.001105924,0.034680884,0.10014157,0.008700769,0.01303585,0.013123476,0.1531712,0.028937064,2.83E-04,0.053349707,0.066212736,0.011991543,0.026849216,0.030438969,0.040726665,0,0.040354267,0
accuse,2.73E-05,0.034448385,0.014023442,0.001580904,0.13948236,0,0.013305135,0,0,0.01218887,0.03190393,0.04579351,0.025429964,0.06178567,0,0.0237433,0.034598254,0.007082265,0
target,0.007309155,0,0.06624014,0.031939026,0.03342206,0.0232733,0.09851029,0.08222907,0.12729691,0.14385791,0.047892552,0.08012654,0,0.014716947,0.044770885,0.044287942,0,0.004276621,0
disrupt,0.016946124,0.002064611,0.005796078,0,0.06759963,0.036715526,0.002442421,0.065444075,0.006671741,0,0.007725272,0.058103908,0.049296092,0.005546444,0.028817033,0.033088215,0,0.037857533,0.029710038
execute,0,0,0.040184256,0.013339739,0,0.119402155,0.011330771,0.056345474,0.026759988,0.0123222,6.84E-04,0.00910964,0.011422277,0.016011538,0,0.043222874,0.015305447,0,0
bomb,0.018808514,0,0.04164266,0.053463798,0.005905979,0,0.006803502,0.052099306,0.02825244,0,0.00291647,0.004133785,0.012413821,0.005127364,0.001375678,0,0.001395547,0,0.007549238
kill,0.014741666,0.03431359,0.029846454,0.029116036,0.13255325,0.011604414,0.037134606,4.33E-04,0.012936501,0,0.06843797,0.007856368,0.011609484,0.010055938,0.01795531,0.009541924,0,0.030683944,0.05812703
murder,0,0.017847989,0.037241593,0.033022344,0.021049008,0.011056469,0.022047779,0.031147946,0.041360028,0.009903957,0.08070358,0.014257816,0.02044595,0.044617362,6.74E-05,0.011092709,0.004296483,0.04511948,0.06384388
rape,0.012805101,0.02780785,0.044847645,0.08187278,0.061267663,0.027848238,0,0,0,0,0.050914876,0,0.014988152,0.014389089,0,0.01828814,0.020044673,0.026544675,0.048954237
fuck,0.015575805,0.031658016,0.00683112,0.03980735,0.07251139,0.06367721,0.09576514,0.02113718,0.03161741,0,0.061063867,0.086220056,0,0.02689911,0.032957062,0.07391303,0.02771403,0.061759926,0.028726296
shit,0,0.009753757,0.040616393,0,0,0.005502808,0.06513069,0.084417984,0.070423625,0,0,0,0,0.024121543,0.029391369,0,0.028443826,0,0.02962174
ass,0.033329826,0,3.43E-04,0.025080942,0.015522571,0.04146574,0.108600274,0.011506329,0.021101337,0.09673354,0.03008397,0.005168455,0.047209002,0.019632544,0.020063015,0,0.008937907,0,0.022498008
fucker,0,0,0,0,0,0,0,0,0,0,0,0,0,0,0,0,0,0,0
scum,0.003260293,0,0,0.013727749,0.015932394,0.032500364,0.014359848,0.097689286,0.024902353,0.015369752,0.06962908,0.031613402,0.027538843,0.013186215,0.049319416,0,0,0.040072776,0
fucked,0.020047532,0,0,0,0.002803343,0,0,0.00865897,0.029129114,0,0.051542033,0.08027139,0,0.020336224,0,0.07365416,0,0,0
funny,0.017230406,0.028171826,0,0.055796612,0,0,0,0.034422338,0,0,0,0,0,0.082287684,0.028840037,0,0.026374778,0,0.07635484
smart,0,0.042549413,0,0.022673842,0.08149149,0.011180843,0,0,0,0,0.017679185,0.024469784,0.020726155,0.060079016,0.022843733,0.07132453,0,0.005358978,0.048869383
crazy,0.10229838,0.07259253,0.015112193,0.0765489,0.057819586,0,0.032694146,0,0,0,0.23173127,0.08395216,0.039190143,0.03341192,0,0.081289805,0.019476552,0.051854998,0.17566508
interesting,0,0.032426484,0.020578384,0,0,0,0,0.090954,0,0.049384978,0.025764285,0,0,0.9386309,0,0.052618667,0,0,0.14882107
lucky,0.052787457,0.120981,0.058705986,0,0.051008232,0.030412598,0.12125641,0.16907023,0,0,0,0,0.039175,0.060243778,0,0,0.043525074,0,0
wonder,0.09550667,0.034951966,0.3308301,0.0039587,0.25526497,0.06895648,0.5036934,0.3141965,0.089285865,0.09497867,0.045800664,0.07801608,0.07574555,0.53353185,0.05741535,0.04861064,0.064914264,0.05515509,0.13564306
warn,0,0.08122363,0,0,0.35112122,0.08095095,0,0.044366833,0.027477795,0.008020406,0.074075714,0.000425463,0.09268785,0,0,0.04307518,0.054237623,0,0
sympathy,0.17756091,0.09246478,0.053590214,0.19412334,0.07083126,0.19542797,0.17131184,0.13240074,0.2545367,0.30485538,0.13125683,0.2022602,0,0.2005541,0.25492752,0.24209814,0.13279073,0.3030336,0.14565362
suddenly,0.18918829,0,0.039140724,0,0.0682771,0.052324105,0.17658941,0.1609528,0,0,0.120223306,0.03881338,0.053365707,0,0.000299066,0.195723,0,0.104732916,0.063171044
posts,0,0.009807446,0.019056873,0.072292484,0.039938387,0.018876765,0.07338201,0.031039074,0.060942605,0.05265118,0.049507163,0.04974955,0.04810093,0.041757237,0.10716747,0,0,0.08508153,0.019367946
positive,0.05267037,0.08696412,0.023570972,0.07956045,0.03453878,0.016219355,0,0.07343206,0,0,0,0.04461715,0.066723876,0.038831633,0.03909025,0.09284039,0.049709707,0,0.046245288
over,0,0,0,0.0349126,0.0412798,0.040098,0,0,0,0,0,0,0,0,0.0310885,0.6109545,0,0.0438871,0
meldonium,0,0,0,0,0.003167,0.000819,0,0,0.0061227,0.00502,0,0,0,0.000612,0,0.009936,0,0,0
letter,0,0,0,0.074084476,0.027177943,0,0,0.03668604,0,0,0.002418142,0.018616952,0,0.032822486,0,0.016135216,0.015380361,0.036723655,0.029179484
IStandWithMaria,0,0.026236592,0.596016936,0.4153267,0.048469204,0.00874415,0.09970021,0.010279661,0.018590271,0.01698029,0.005546523,0.007025291,0.005430633,0,0.001371807,0.1036142,0.024284203,0.006306258,0.094347775
highlights,0.019118002,0.017930835,0.00219097,0,0.025557654,0.062053002,0.015019174,0.03912549,0,0,0.023502707,0.018699875,0.06181089,0.23094925,0.02136394,0,0.13175084,0,0.028357778
fights,0.000763187,0.009387925,0.017216688,0.032418553,0.09776961,0,0,0.014346354,0,0,0.05326632,0.012987561,0,0.002102645,0.004825631,0.026217805,0,0,0.04564271
fans,0.007193329,0.00342363,0.054668758,0.04543348,0,0,0.014681561,0.045068294,0.010215825,0.07277593,0.110336944,0.007526373,0.042815115,0.03852369,0,0,0.10617708,0.030710146,0.614585
failed,0,0.025175642,0.05440406,0.019385,0.001403692,0,0.010956165,0.069145545,0.061337806,0.05117732,0,0.017393155,0,0,0.017748477,0.34839597,0,0,0
doping,0,0,0,0,0.004387,0.002097,0,0,0.004899,0.004569,0.002358,0.000129,0,0,0.001784,0.09431,0,0,0
determined,0.03745454,0.09283535,0.044982597,0.00543866,0.008780423,0.016889632,0.019410454,0.010862189,0.016264103,0,0.074712045,0.02111445,0.003458743,0.10684051,0.029279191,0.033232417,0.020068837,0.03158606,0.027428197
denies,0.06622221,0.015360737,0,0.016082725,0.10001522,0.003808256,0,0,0,0,0.008148158,0.021787412,0.010016871,0.007362209,0.022269215,0.25426917,0.044932343,0,0
defensive,0,0.012114177,0.030186178,0,0.036997426,0.019959226,0.05770802,0.010943405,0.041205592,0.055726252,0.048654165,0.061711114,0.032554854,0.071402514,0.008100854,0.100941,0,0.030570574,0
cured,0,0.038949706,0,0.07294227,0,0.027743887,0.03808018,0,0,0,0.018085035,0.000119124,0,0,0,0.105429724,0,0.011642312,0.004188275
celebrities,0,0,0.1259294,0.082401045,0.006245592,0.015290791,0.061356705,0,0.010007016,0.06760027,0.02726063,0,0.038748104,0.144073634,0,0,0,0.010367412,0.08199628
blemish,0,0.003632368,0.025722198,0,0,0.045842085,0,0,0,0,0,0,0,0.009442129,0.02954799,0.09577284,0,9.73E-05,0.001824891
ban,0.01291275,0.0753296,0.02461061,0.058956835,0.043073528,0,0.042781077,0.020339593,0.09205154,0.067894526,0.01481903,0,0,0,0.09893118,0.14817688,0.048435066,0.03685327,0.075062
